"Qty";"Value";"Device";"Package";"Parts";"Description";"MF";"MPN";"OC_FARNELL";"OC_NEWARK";"POPULARITY";"SPICEPREFIX";
"1";"100uF/12V";"CPOL-USE1.8-4";"E1,8-4";"C1";"POLARIZED CAPACITOR, American symbol";"";"";"";"";"6";"C";
"1";"1M";"R-US_0204/7";"0204/7";"R1";"RESISTOR, American symbol";"";"";"";"";"48";"R";
"2";"1N4148DO35-7";"1N4148DO35-7";"DO35-7";"D1, D2";"DIODE";"";"";"";"";"58";"";
"1";"351";"351";"351";"RELAY";"RELAY";"";"";"unknown";"unknown";"5";"";
"1";"NE555N";"NE555N";"DIL08";"IC1";"TIMER";"";"";"";"";"16";"";
